{
  "generated_at": "2025-12-20T23:52:36.204667",
  "theory": "\u0394(\u03c4) = a - b\u00d7\u03c4, \u03c4\u2080 = pure Being",
  "linear_model": {
    "formula": "\u0394(\u03c4) = a - b\u00d7\u03c4",
    "a_intercept": 0.7006076825357699,
    "b_slope": -0.06969393400194587,
    "R_squared": 0.004857244436667587,
    "tau_balance": -10.05263503300314
  },
  "delta_by_tau": {
    "1": {
      "mean": 0.0673204091724493,
      "std": 0.9641677224291838
    },
    "2": {
      "mean": 1.0860910556965013,
      "std": 1.1983915305065607
    },
    "3": {
      "mean": 1.1936923131683326,
      "std": 0.9748504889789255
    },
    "4": {
      "mean": 1.5682297396872638,
      "std": 1.082381854403618
    },
    "5": {
      "mean": 1.5499002405768787,
      "std": 1.124799062118967
    },
    "6": {
      "mean": 0.20198495095405766,
      "std": 0.9330498452931318
    }
  }
}