{
  "generated_at": "2025-12-21T13:12:43.960761",
  "n_trajectories": 50,
  "compass": {
    "n": 50,
    "mean_delta_g": 0.20944665901536386,
    "std": 0.14678487594647976
  },
  "random": {
    "n": 50,
    "mean_delta_g": 0.015059940998783421,
    "std": 0.1265650744988993
  },
  "statistics": {
    "t_statistic": 7.02062405242705,
    "p_value": 2.913312599485159e-10,
    "significant": 